{
  "type": "minecraft:stonecutting",
  "ingredient": [
    {"item": "minecraft:polished_blackstone"},
    {"item": "minecraft:chiseled_polished_blackstone"},
    {"item": "minecraft:polished_blackstone_bricks"},
    {"item": "minecraft:cracked_polished_blackstone_bricks"},

    {"item": "minecraft:blackstone_stairs"},
    {"item": "minecraft:polished_blackstone_stairs"},
    {"item": "minecraft:polished_blackstone_brick_stairs"},

    {"item": "minecraft:blackstone_wall"},
    {"item": "minecraft:polished_blackstone_wall"},
    {"item": "minecraft:polished_blackstone_brick_wall"},

    {"item": "minecraft:polished_blackstone_button"}
  ],
  "result": "minecraft:blackstone",
  "count": 1
}
