{
	"criteria": {
		"have_cost1": {
			"trigger": "minecraft:inventory_changed",
			"conditions": {
				"items": [{
					"nbt": "{RepairCost:1}"
				}]
			}
		},
		"have_cost2": {
			"trigger": "minecraft:inventory_changed",
			"conditions": {
				"items": [{
					"nbt": "{RepairCost:2}"
				}]
			}
		},
		"have_cost3": {
			"trigger": "minecraft:inventory_changed",
			"conditions": {
				"items": [{
					"nbt": "{RepairCost:3}"
				}]
			}
		},
		"have_cost4": {
			"trigger": "minecraft:inventory_changed",
			"conditions": {
				"items": [{
					"nbt": "{RepairCost:4}"
				}]
			}
		},
		"have_cost5": {
			"trigger": "minecraft:inventory_changed",
			"conditions": {
				"items": [{
					"nbt": "{RepairCost:5}"
				}]
			}
		},
		"have_cost6": {
			"trigger": "minecraft:inventory_changed",
			"conditions": {
				"items": [{
					"nbt": "{RepairCost:6}"
				}]
			}
		},
		"have_cost7": {
			"trigger": "minecraft:inventory_changed",
			"conditions": {
				"items": [{
					"nbt": "{RepairCost:7}"
				}]
			}
		},
		"have_cost8": {
			"trigger": "minecraft:inventory_changed",
			"conditions": {
				"items": [{
					"nbt": "{RepairCost:8}"
				}]
			}
		},
		"have_cost9": {
			"trigger": "minecraft:inventory_changed",
			"conditions": {
				"items": [{
					"nbt": "{RepairCost:9}"
				}]
			}
		},
		"have_cost10": {
			"trigger": "minecraft:inventory_changed",
			"conditions": {
				"items": [{
					"nbt": "{RepairCost:10}"
				}]
			}
		},
		"have_cost11": {
			"trigger": "minecraft:inventory_changed",
			"conditions": {
				"items": [{
					"nbt": "{RepairCost:11}"
				}]
			}
		},
		"have_cost12": {
			"trigger": "minecraft:inventory_changed",
			"conditions": {
				"items": [{
					"nbt": "{RepairCost:12}"
				}]
			}
		},
		"have_cost13": {
			"trigger": "minecraft:inventory_changed",
			"conditions": {
				"items": [{
					"nbt": "{RepairCost:13}"
				}]
			}
		},
		"have_cost14": {
			"trigger": "minecraft:inventory_changed",
			"conditions": {
				"items": [{
					"nbt": "{RepairCost:14}"
				}]
			}
		},
		"have_cost15": {
			"trigger": "minecraft:inventory_changed",
			"conditions": {
				"items": [{
					"nbt": "{RepairCost:15}"
				}]
			}
		},
		"have_cost16": {
			"trigger": "minecraft:inventory_changed",
			"conditions": {
				"items": [{
					"nbt": "{RepairCost:16}"
				}]
			}
		},
		"have_cost17": {
			"trigger": "minecraft:inventory_changed",
			"conditions": {
				"items": [{
					"nbt": "{RepairCost:17}"
				}]
			}
		},
		"have_cost18": {
			"trigger": "minecraft:inventory_changed",
			"conditions": {
				"items": [{
					"nbt": "{RepairCost:18}"
				}]
			}
		},
		"have_cost19": {
			"trigger": "minecraft:inventory_changed",
			"conditions": {
				"items": [{
					"nbt": "{RepairCost:19}"
				}]
			}
		},
		"have_cost20": {
			"trigger": "minecraft:inventory_changed",
			"conditions": {
				"items": [{
					"nbt": "{RepairCost:20}"
				}]
			}
		},
		"have_cost21": {
			"trigger": "minecraft:inventory_changed",
			"conditions": {
				"items": [{
					"nbt": "{RepairCost:21}"
				}]
			}
		},
		"have_cost22": {
			"trigger": "minecraft:inventory_changed",
			"conditions": {
				"items": [{
					"nbt": "{RepairCost:22}"
				}]
			}
		},
		"have_cost23": {
			"trigger": "minecraft:inventory_changed",
			"conditions": {
				"items": [{
					"nbt": "{RepairCost:23}"
				}]
			}
		},
		"have_cost24": {
			"trigger": "minecraft:inventory_changed",
			"conditions": {
				"items": [{
					"nbt": "{RepairCost:24}"
				}]
			}
		},
		"have_cost25": {
			"trigger": "minecraft:inventory_changed",
			"conditions": {
				"items": [{
					"nbt": "{RepairCost:25}"
				}]
			}
		},
		"have_cost26": {
			"trigger": "minecraft:inventory_changed",
			"conditions": {
				"items": [{
					"nbt": "{RepairCost:26}"
				}]
			}
		},
		"have_cost27": {
			"trigger": "minecraft:inventory_changed",
			"conditions": {
				"items": [{
					"nbt": "{RepairCost:27}"
				}]
			}
		},
		"have_cost28": {
			"trigger": "minecraft:inventory_changed",
			"conditions": {
				"items": [{
					"nbt": "{RepairCost:28}"
				}]
			}
		},
		"have_cost29": {
			"trigger": "minecraft:inventory_changed",
			"conditions": {
				"items": [{
					"nbt": "{RepairCost:29}"
				}]
			}
		},
		"have_cost30": {
			"trigger": "minecraft:inventory_changed",
			"conditions": {
				"items": [{
					"nbt": "{RepairCost:30}"
				}]
			}
		},
		"have_cost31": {
			"trigger": "minecraft:inventory_changed",
			"conditions": {
				"items": [{
					"nbt": "{RepairCost:31}"
				}]
			}
		},
		"have_cost32": {
			"trigger": "minecraft:inventory_changed",
			"conditions": {
				"items": [{
					"nbt": "{RepairCost:32}"
				}]
			}
		},
		"have_cost33": {
			"trigger": "minecraft:inventory_changed",
			"conditions": {
				"items": [{
					"nbt": "{RepairCost:33}"
				}]
			}
		},
		"have_cost34": {
			"trigger": "minecraft:inventory_changed",
			"conditions": {
				"items": [{
					"nbt": "{RepairCost:34}"
				}]
			}
		},
		"have_cost35": {
			"trigger": "minecraft:inventory_changed",
			"conditions": {
				"items": [{
					"nbt": "{RepairCost:35}"
				}]
			}
		},
		"have_cost36": {
			"trigger": "minecraft:inventory_changed",
			"conditions": {
				"items": [{
					"nbt": "{RepairCost:36}"
				}]
			}
		},
		"have_cost37": {
			"trigger": "minecraft:inventory_changed",
			"conditions": {
				"items": [{
					"nbt": "{RepairCost:37}"
				}]
			}
		},
		"have_cost38": {
			"trigger": "minecraft:inventory_changed",
			"conditions": {
				"items": [{
					"nbt": "{RepairCost:38}"
				}]
			}
		}
	},
	"requirements": [
		[
			"have_cost1",
			"have_cost2",
			"have_cost3",
			"have_cost4",
			"have_cost5",
			"have_cost6",
			"have_cost7",
			"have_cost8",
			"have_cost9",
			"have_cost10",
			"have_cost11",
			"have_cost12",
			"have_cost13",
			"have_cost14",
			"have_cost15",
			"have_cost16",
			"have_cost17",
			"have_cost18",
			"have_cost19",
			"have_cost20",
			"have_cost21",
			"have_cost22",
			"have_cost23",
			"have_cost24",
			"have_cost25",
			"have_cost26",
			"have_cost27",
			"have_cost28",
			"have_cost29",
			"have_cost30",
			"have_cost31",
			"have_cost32",
			"have_cost33",
			"have_cost34",
			"have_cost35",
			"have_cost36",
			"have_cost37",
			"have_cost38"
		]
	],
	"rewards": {
		"function": "anvil_mending:find_item"
	}
}